entity,category,short_name,long_name,ISO2,ISO3,country_code,continent,region,sub_region,region_code,currency,currency_alpha_code,currency_num_code,msci_market_category,iif_market_category,comtrade_id,imf_sdmx_id
AFG,country,Afghanistan,Islamic State of Afghanistan,AF,AFG,4,Asia,South Asia,Southern Asia,142,Afghani,AFN,971,,,4,AF
ALA,country,Åland Islands,,AX,ALA,248,Europe,Europe,Northern Europe,150,Euro,EUR,978,,,,AX
ALB,country,Albania,Republic of Albania,AL,ALB,8,Europe,Europe,Southern Europe,150,Lek,ALL,8,,,8,AL
DZA,country,Algeria,People's Democratic Republic of Algeria,DZ,DZA,12,Africa,North Africa,Northern Africa,2,Algerian Dinar,DZD,12,,Middle East & North Africa,12,DZ
ASM,country,American Samoa,American Samoa,AS,ASM,16,Oceania,Pacific,Polynesia,9,US Dollar,USD,840,,,16,AS
AND,country,Andorra,,AD,AND,20,Europe,Europe,Southern Europe,150,Euro,EUR,978,,,20,AD
AGO,country,Angola,People's Republic of Angola,AO,AGO,24,Africa,Sub-Saharan Africa,Sub-Saharan Africa,2,Kwanza,AOA,973,,Sub-Saharan Africa,24,AO
AIA,country,Anguilla,,AI,AIA,660,South America,Latin America and the Caribbean,Latin America and the Caribbean,19,E. Caribbean Dollar,XCD,951,,,660,AI
ATA,country,Antarctica,,AQ,ATA,10,Antarctica,,,,,,,,,10,AQ
ATG,country,Antigua and Barbuda,Antigua and Barbuda,AG,ATG,28,South America,Latin America and the Caribbean,Latin America and the Caribbean,19,E. Caribbean Dollar,XCD,951,,,28,AG
ARG,country,Argentina,Argentine Republic,AR,ARG,32,South America,Latin America and the Caribbean,Latin America and the Caribbean,19,Argentine Peso,ARS,32,Frontier,Latin America,32,AR
ARM,country,Armenia,Republic of Armenia,AM,ARM,51,Asia,Central Asia,Western Asia,142,Armenian Dram,AMD,51,,Central Asia,51,AM
ABW,country,Aruba,Aruba,AW,ABW,533,South America,Latin America and the Caribbean,Latin America and the Caribbean,19,Aruban Guilder,AWG,533,,,533,AW
AUS,country,Australia,Commonwealth of Australia,AU,AUS,36,Oceania,Pacific,Australia and New Zealand,9,Australian Dollar,AUD,36,Developed,,36,AU
AUT,country,Austria,Republic of Austria,AT,AUT,40,Europe,Europe,Western Europe,150,Euro,EUR,978,Developed,,40,AT
AZE,country,Azerbaijan,Republic of Azerbaijan,AZ,AZE,31,Asia,Central Asia,Western Asia,142,Azerbaijan Manat,AZN,944,,Central Asia,31,AZ
BHS,country,Bahamas,Commonwealth of The Bahamas,BS,BHS,44,South America,Latin America and the Caribbean,Latin America and the Caribbean,19,Bahamian Dollar,BSD,44,,,44,BS
BHR,country,Bahrain,Kingdom of Bahrain,BH,BHR,48,Asia,Middle East,Western Asia,142,Bahraini Dinar,BHD,48,Frontier,Middle East & North Africa,48,BH
BGD,country,Bangladesh,People's Republic of Bangladesh,BD,BGD,50,Asia,South Asia,Southern Asia,142,Taka,BDT,50,Frontier,Asia-Pacific,50,BD
BRB,country,Barbados,Barbados,BB,BRB,52,South America,Latin America and the Caribbean,Latin America and the Caribbean,19,Barbados Dollar,BBD,52,,,52,BB
BLR,country,Belarus,Republic of Belarus,BY,BLR,112,Europe,Europe,Eastern Europe,150,Belarusian Ruble,BYR,974,,,112,BY
BEL,country,Belgium,Kingdom of Belgium,BE,BEL,56,Europe,Europe,Western Europe,150,Euro,EUR,978,Developed,,56,BE
BLZ,country,Belize,Belize,BZ,BLZ,84,South America,Latin America and the Caribbean,Latin America and the Caribbean,19,Belize Dollar,BZD,84,,,84,BZ
BEN,country,Benin,Republic of Benin,BJ,BEN,204,Africa,Sub-Saharan Africa,Sub-Saharan Africa,2,CFA Franc BCEAO,XOF,952,Frontier,,204,BJ
BMU,country,Bermuda,The Bermudas,BM,BMU,60,North America,North America,Northern America,19,Bermudian Dollar,BMD,60,,,60,BM
BTN,country,Bhutan,Kingdom of Bhutan,BT,BTN,64,Asia,South Asia,Southern Asia,142,Indian Rupee,INR,356,,,64,BT
BOL,country,Bolivia (Plurinational State of),Plurinational State of Bolivia,BO,BOL,68,South America,Latin America and the Caribbean,Latin America and the Caribbean,19,Boliviano,BOB,68,,,68,BO
BES,country,"Bonaire, Sint Eustatius and Saba",,BQ,BES,535,South America,Latin America and the Caribbean,Latin America and the Caribbean,19,US Dollar,USD,840,,,535,BQ
BIH,country,Bosnia and Herzegovina,Bosnia and Herzegovina,BA,BIH,70,Europe,Europe,Southern Europe,150,Convertible Mark,BAM,977,Frontier,,70,BA
BWA,country,Botswana,Republic of Botswana,BW,BWA,72,Africa,Sub-Saharan Africa,Sub-Saharan Africa,2,Pula,BWP,72,Frontier,,72,BW
BVT,country,Bouvet Island,,BV,BVT,74,South America,Latin America and the Caribbean,Latin America and the Caribbean,19,Norwegian Krone,NOK,578,,,74,BV
BRA,country,Brazil,Federative Republic of Brazil,BR,BRA,76,South America,Latin America and the Caribbean,Latin America and the Caribbean,19,Brazilian Real,BRL,76,Emerging,Latin America,76,BR
IOT,country,British Indian Ocean Territory,,IO,IOT,86,Africa,Sub-Saharan Africa,Sub-Saharan Africa,2,US Dollar,USD,840,,,,IO
BRN,country,Brunei Darussalam,Brunei Darussalam,BN,BRN,96,Asia,Southeast Asia,South-eastern Asia,142,Brunei Dollar,BND,96,,,96,BN
BGR,country,Bulgaria,Republic of Bulgaria,BG,BGR,100,Europe,Europe,Eastern Europe,150,Bulgarian Lev,BGN,975,Frontier,,100,BG
BFA,country,Burkina Faso,Burkina Faso,BF,BFA,854,Africa,Sub-Saharan Africa,Sub-Saharan Africa,2,CFA Franc BCEAO,XOF,952,Frontier,,854,BF
BDI,country,Burundi,Republic of Burundi,BI,BDI,108,Africa,Sub-Saharan Africa,Sub-Saharan Africa,2,Burundi Franc,BIF,108,,,108,BI
CPV,country,Cabo Verde,Republic of Cabo Verde,CV,CPV,132,Africa,Sub-Saharan Africa,Sub-Saharan Africa,2,,CVE,132,,,132,CV
KHM,country,Cambodia,Kingdom of Cambodia,KH,KHM,116,Asia,Southeast Asia,South-eastern Asia,142,Riel,KHR,116,,,116,KH
CMR,country,Cameroon,Republic of Cameroon,CM,CMR,120,Africa,Sub-Saharan Africa,Sub-Saharan Africa,2,CFA Franc BEAC,XAF,950,,Sub-Saharan Africa,120,CM
CAN,country,Canada,Canada,CA,CAN,124,North America,North America,Northern America,19,Canadian Dollar,CAD,124,Developed,,124,CA
CYM,country,Cayman Islands,Cayman Islands,KY,CYM,136,South America,Latin America and the Caribbean,Latin America and the Caribbean,19,Cayman Is. Dollar,KYD,136,,,136,KY
CAF,country,Central African Republic,Central African Republic,CF,CAF,140,Africa,Sub-Saharan Africa,Sub-Saharan Africa,2,CFA Franc BEAC,XAF,950,,,140,CF
TCD,country,Chad,Republic of Chad,TD,TCD,148,Africa,Sub-Saharan Africa,Sub-Saharan Africa,2,CFA Franc BEAC,XAF,950,,,148,TD
CHL,country,Chile,Republic of Chile,CL,CHL,152,South America,Latin America and the Caribbean,Latin America and the Caribbean,19,Chilean Peso,CLP,152,Emerging,Latin America,152,CL
CHN,country,China,People's Republic of China,CN,CHN,156,Asia,East Asia,Eastern Asia,142,Yuan Renminbi,CNY,156,Emerging,Asia-Pacific,156,CN
CXR,country,Christmas Island,,CX,CXR,162,Oceania,Pacific,Australia and New Zealand,9,Australian Dollar,AUD,36,,,,CX
CCK,country,Cocos (Keeling) Islands,,CC,CCK,166,Oceania,Pacific,Australia and New Zealand,9,Australian Dollar,AUD,36,,,,CC
COL,country,Colombia,Republic of Colombia,CO,COL,170,South America,Latin America and the Caribbean,Latin America and the Caribbean,19,Colombian Peso,COP,170,Emerging,Latin America,170,CO
COM,country,Comoros,Union of the Comoros,KM,COM,174,Africa,Sub-Saharan Africa,Sub-Saharan Africa,2,Comoro Franc,KMF,174,,,174,KM
COG,country,Congo,Republic of Congo,CG,COG,178,Africa,Sub-Saharan Africa,Sub-Saharan Africa,2,CFA Franc BEAC,XAF,950,,,178,CG
COD,country,"Congo, Democratic Republic of the",Democratic Republic of the Congo,CD,COD,180,Africa,Sub-Saharan Africa,Sub-Saharan Africa,2,Franc Congolais,CDF,976,,,180,CD
COK,country,Cook Islands,,CK,COK,184,Oceania,Pacific,Polynesia,9,New Zealand Dollar,NZD,554,,,,CK
CRI,country,Costa Rica,Republic of Costa Rica,CR,CRI,188,South America,Latin America and the Caribbean,Latin America and the Caribbean,19,Costa Rican Colon,CRC,188,,Latin America,188,CR
CIV,country,Côte d'Ivoire,Republic of Côte d'Ivoire,CI,CIV,384,Africa,Sub-Saharan Africa,Sub-Saharan Africa,2,CFA Franc BCEAO,XOF,952,,,384,CI
HRV,country,Croatia,Republic of Croatia,HR,HRV,191,Europe,Europe,Southern Europe,150,Croatian Kuna,HRK,191,Frontier,,191,HR
CUB,country,Cuba,Republic of Cuba,CU,CUB,192,South America,Latin America and the Caribbean,Latin America and the Caribbean,19,Cuban Peso,CUP,192,,,192,CU
CUW,country,Curaçao,Curaçao,CW,CUW,531,South America,Latin America and the Caribbean,Latin America and the Caribbean,19,Cuban Peso,CUP,192,,,,CW
CYP,country,Cyprus,Republic of Cyprus,CY,CYP,196,Asia,Central Asia,Western Asia,142,Euro,EUR,978,,,196,CY
CZE,country,Czechia,Czech Republic,CZ,CZE,203,Europe,Europe,Eastern Europe,150,Czech Koruna,CZK,203,Emerging,Europe,203,CZ
DNK,country,Denmark,Kingdom of Denmark,DK,DNK,208,Europe,Europe,Northern Europe,150,Danish Krone,DKK,208,Developed,,208,DK
DJI,country,Djibouti,Republic of Djibouti,DJ,DJI,262,Africa,Sub-Saharan Africa,Sub-Saharan Africa,2,Djibouti Franc,DJF,262,,,262,DJ
DMA,country,Dominica,Commonwealth of Dominica,DM,DMA,212,South America,Latin America and the Caribbean,Latin America and the Caribbean,19,E. Caribbean Dollar,XCD,951,,,212,DM
DOM,country,Dominican Republic,Dominican Republic,DO,DOM,214,South America,Latin America and the Caribbean,Latin America and the Caribbean,19,Dominican Peso,DOP,214,,Latin America,214,DO
ECU,country,Ecuador,Republic of Ecuador,EC,ECU,218,South America,Latin America and the Caribbean,Latin America and the Caribbean,19,US Dollar,USD,840,,Latin America,218,EC
EGY,country,Egypt,Arab Republic of Egypt,EG,EGY,818,Africa,North Africa,Northern Africa,2,Egyptian Pound,EGP,818,Emerging,Middle East & North Africa,818,EG
SLV,country,El Salvador,Republic of El Salvador,SV,SLV,222,South America,Latin America and the Caribbean,Latin America and the Caribbean,19,US Dollar,USD,840,,Latin America,222,SV
GNQ,country,Equatorial Guinea,Republic of Equatorial Guinea,GQ,GNQ,226,Africa,Sub-Saharan Africa,Sub-Saharan Africa,2,CFA Franc BEAC,XAF,950,,,226,GQ
ERI,country,Eritrea,State of Eritrea,ER,ERI,232,Africa,Sub-Saharan Africa,Sub-Saharan Africa,2,Eritrean Nakfa,ERN,232,,,232,ER
EST,country,Estonia,Republic of Estonia,EE,EST,233,Europe,Europe,Northern Europe,150,Euro,EUR,978,Frontier,,233,EE
SWZ,country,Eswatini,Kingdom of Eswatini,SZ,SWZ,748,Africa,Sub-Saharan Africa,Sub-Saharan Africa,2,Lilangeni,SZL,748,,,748,SZ
ETH,country,Ethiopia,Federal Democratic Republic of Ethiopia,ET,ETH,231,Africa,Sub-Saharan Africa,Sub-Saharan Africa,2,Ethiopian Birr,ETB,230,,Sub-Saharan Africa,231,ET
FLK,country,Falkland Islands (Malvinas),,FK,FLK,238,South America,Latin America and the Caribbean,Latin America and the Caribbean,19,Falkland Is. Pound,FKP,238,,,238,FK
FRO,country,Faroe Islands,Faroe Islands,FO,FRO,234,Europe,Europe,Northern Europe,150,Danish Krone,DKK,208,,,,FO
FJI,country,Fiji,Republic of Fiji,FJ,FJI,242,Oceania,Pacific,Melanesia,9,Fiji Dollar,FJD,242,,,242,FJ
FIN,country,Finland,Republic of Finland,FI,FIN,246,Europe,Europe,Northern Europe,150,Euro,EUR,978,Developed,,246,FI
FRA,country,France,French Republic,FR,FRA,250,Europe,Europe,Western Europe,150,Euro,EUR,978,Developed,,251,FR
GUF,country,French Guiana,,GF,GUF,254,South America,Latin America and the Caribbean,Latin America and the Caribbean,19,Euro,EUR,978,,,254,GF
PYF,country,French Polynesia,French Polynesia,PF,PYF,258,Oceania,Pacific,Polynesia,9,CFP Franc,XPF,953,,,258,PF
ATF,country,French Southern Territories,,TF,ATF,260,Africa,Sub-Saharan Africa,Sub-Saharan Africa,2,Euro,Euro,978,,,,TF
GAB,country,Gabon,Gabonese Republic,GA,GAB,266,Africa,Sub-Saharan Africa,Sub-Saharan Africa,2,CFA Franc BEAC,XAF,950,,,266,GA
GMB,country,Gambia,Republic of The Gambia,GM,GMB,270,Africa,Sub-Saharan Africa,Sub-Saharan Africa,2,Gambian Dalasi,GMD,270,,,270,GM
GEO,country,Georgia,Georgia,GE,GEO,268,Asia,Central Asia,Western Asia,142,Lari,GEL,981,,Central Asia,268,GE
DEU,country,Germany,Federal Republic of Germany,DE,DEU,276,Europe,Europe,Western Europe,150,Euro,EUR,978,Developed,,276,DE
GHA,country,Ghana,Republic of Ghana,GH,GHA,288,Africa,Sub-Saharan Africa,Sub-Saharan Africa,2,Cedi,GHS,936,,Sub-Saharan Africa,288,GH
GIB,country,Gibraltar,,GI,GIB,292,Europe,Europe,Southern Europe,150,Gibraltar Pound,GIP,292,,,292,GI
GRC,country,Greece,Hellenic Republic,GR,GRC,300,Europe,Europe,Southern Europe,150,Euro,EUR,978,Emerging,,300,GR
GRL,country,Greenland,Greenland,GL,GRL,304,North America,North America,Northern America,19,Danish Krone,DKK,208,,,304,GL
GRD,country,Grenada,Grenada,GD,GRD,308,South America,Latin America and the Caribbean,Latin America and the Caribbean,19,E. Caribbean Dollar,XCD,951,,,308,GD
GLP,country,Guadeloupe,,GP,GLP,312,South America,Latin America and the Caribbean,Latin America and the Caribbean,19,Euro,EUR,978,,,312,GP
GUM,country,Guam,Guam,GU,GUM,316,Oceania,Pacific,Micronesia,9,US Dollar,USD,840,,,316,GU
GTM,country,Guatemala,Republic of Guatemala,GT,GTM,320,South America,Latin America and the Caribbean,Latin America and the Caribbean,19,Quetzal,GTQ,320,,Latin America,320,GT
GGY,country,Guernsey,,GG,GGY,831,Europe,Europe,Northern Europe,150,,GBP,826,,,,GG
GIN,country,Guinea,Republic of Guinea,GN,GIN,324,Africa,Sub-Saharan Africa,Sub-Saharan Africa,2,Guinea Franc,GNF,324,,,324,GN
GNB,country,Guinea-Bissau,Republic of Guinea-Bissau,GW,GNB,624,Africa,Sub-Saharan Africa,Sub-Saharan Africa,2,Guinea-Bissau Peso,GWP,624,,,624,GW
GUY,country,Guyana,Co-operative Republic of Guyana,GY,GUY,328,South America,Latin America and the Caribbean,Latin America and the Caribbean,19,Guyana Dollar,GYD,328,,,328,GY
HTI,country,Haiti,Republic of Haiti,HT,HTI,332,South America,Latin America and the Caribbean,Latin America and the Caribbean,19,Gourde,HTG,332,,,332,HT
HMD,country,Heard Island and McDonald Islands,,HM,HMD,334,Oceania,Pacific,Australia and New Zealand,9,Australian Dollar,AUD,36,,,334,HM
VAT,country,Holy See,,VA,VAT,336,Europe,Europe,Southern Europe,150,Euro,EUR,978,,,336,VA
HND,country,Honduras,Republic of Honduras,HN,HND,340,South America,Latin America and the Caribbean,Latin America and the Caribbean,19,Lempira,HNL,340,,Latin America,340,HN
HKG,country,Hong Kong,Hong Kong Special Administrative Region of the People's Republic of China,HK,HKG,344,Asia,East Asia,Eastern Asia,142,Hong Kong Dollar,HKD,344,Developed,,344,HK
HUN,country,Hungary,Hungary,HU,HUN,348,Europe,Europe,Eastern Europe,150,Forint,HUF,348,Emerging,Europe,348,HU
ISL,country,Iceland,Republic of Iceland,IS,ISL,352,Europe,Europe,Northern Europe,150,Iceland Krona,ISK,352,Frontier,,352,IS
IND,country,India,Republic of India,IN,IND,356,Asia,South Asia,Southern Asia,142,Indian Rupee,INR,356,Emerging,Asia-Pacific,699,IN
IDN,country,Indonesia,Republic of Indonesia,ID,IDN,360,Asia,Southeast Asia,South-eastern Asia,142,Rupiah,IDR,360,Emerging,Asia-Pacific,360,ID
IRN,country,Iran,Islamic Republic of Iran,IR,IRN,364,Asia,Middle East,Southern Asia,142,Iranian Rial,IRR,364,,Middle East & North Africa,364,IR
IRQ,country,Iraq,Republic of Iraq,IQ,IRQ,368,Asia,Middle East,Western Asia,142,Iraqi Dinar,IQD,368,,Middle East & North Africa,368,IQ
IRL,country,Ireland,Ireland,IE,IRL,372,Europe,Europe,Northern Europe,150,Euro,EUR,978,Developed,,372,IE
IMN,country,Isle of Man,,IM,IMN,833,Europe,Europe,Northern Europe,150,,GBP,826,,,,IM
ISR,country,Israel,State of Israel,IL,ISR,376,Asia,Middle East,Western Asia,142,New Israeli Shequel,ILS,376,Developed,,376,IL
ITA,country,Italy,Italian Republic,IT,ITA,380,Europe,Europe,Southern Europe,150,Euro,EUR,978,Developed,,381,IT
JAM,country,Jamaica,Jamaica,JM,JAM,388,South America,Latin America and the Caribbean,Latin America and the Caribbean,19,Jamaican Dollar,JMD,388,Frontier,Latin America,388,JM
JPN,country,Japan,Japan,JP,JPN,392,Asia,East Asia,Eastern Asia,142,Yen,JPY,392,Developed,,392,JP
JEY,country,Jersey,,JE,JEY,832,Europe,Europe,Northern Europe,150,,GBP,826,,,,JE
JOR,country,Jordan,Hashemite Kingdom of Jordan,JO,JOR,400,Asia,Middle East,Western Asia,142,Jordanian Dinar,JOD,400,Frontier,Middle East & North Africa,400,JO
KAZ,country,Kazakhstan,Republic of Kazakhstan,KZ,KAZ,398,Asia,Central Asia,Central Asia,142,Tenge,KZT,398,Frontier,Central Asia,398,KZ
KEN,country,Kenya,Republic of Kenya,KE,KEN,404,Africa,Sub-Saharan Africa,Sub-Saharan Africa,2,Kenyan Shilling,KES,404,Frontier,Sub-Saharan Africa,404,KE
KIR,country,Kiribati,Republic of Kiribati,KI,KIR,296,Oceania,Pacific,Micronesia,9,Australian Dollar,AUD,36,,,296,KI
PRK,country,North Korea,Republic of Korea,KP,PRK,408,Asia,East Asia,Eastern Asia,142,North Korean Won,KPW,408,,,410,KP
KOR,country,South Korea,Democratic People's Republic of Korea,KR,KOR,410,Asia,East Asia,Eastern Asia,142,Won,KRW,410,Emerging,,408,KR
KWT,country,Kuwait,State of Kuwait,KW,KWT,414,Asia,Middle East,Western Asia,142,Kuwaiti Dinar,KWD,414,Emerging,Middle East & North Africa,414,KW
KGZ,country,Kyrgyzstan,Kyrgyz Republic,KG,KGZ,417,Asia,Central Asia,Central Asia,142,Som,KGS,417,,,417,KG
LAO,country,Lao People's Democratic Republic,Lao People's Democratic Republic,LA,LAO,418,Asia,Southeast Asia,South-eastern Asia,142,Kip,LAK,418,,,418,LA
LVA,country,Latvia,Republic of Latvia,LV,LVA,428,Europe,Europe,Northern Europe,150,Euro,EUR,978,,,428,LV
LBN,country,Lebanon,Lebanese Republic,LB,LBN,422,Asia,Middle East,Western Asia,142,Lebanese Pound,LBP,422,Frontier,Middle East & North Africa,422,LB
LSO,country,Lesotho,Kingdom of Lesotho,LS,LSO,426,Africa,Sub-Saharan Africa,Sub-Saharan Africa,2,Lesotho Loti,LSL,426,,,426,LS
LBR,country,Liberia,Republic of Liberia,LR,LBR,430,Africa,Sub-Saharan Africa,Sub-Saharan Africa,2,Liberian Dollar,LRD,430,,,430,LR
LBY,country,Libya,Socialist People's Libyan Arab Jamahiriya,LY,LBY,434,Africa,North Africa,Northern Africa,2,Libyan Dinar,LYD,434,,,434,LY
LIE,country,Liechtenstein,,LI,LIE,438,Europe,Europe,Western Europe,150,Swiss Franc,CHF,756,,,,LI
LTU,country,Lithuania,Republic of Lithuania,LT,LTU,440,Europe,Europe,Northern Europe,150,Euro,EUR,978,Frontier,,440,LT
LUX,country,Luxembourg,Grand Duchy of Luxembourg,LU,LUX,442,Europe,Europe,Western Europe,150,Euro,Euro,978,,,442,LU
MAC,country,Macao,Macao Special Administrative Region of the People's Republic of China,MO,MAC,446,Asia,East Asia,Eastern Asia,142,Pataca,MOP,446,,,446,MO
MDG,country,Madagascar,Republic of Madagascar,MG,MDG,450,Africa,Sub-Saharan Africa,Sub-Saharan Africa,2,Malagasy Ariary,MGA,969,,,450,MG
MWI,country,Malawi,Republic of Malawi,MW,MWI,454,Africa,Sub-Saharan Africa,Sub-Saharan Africa,2,Kwacha,MWK,454,,,454,MW
MYS,country,Malaysia,Malaysia,MY,MYS,458,Asia,Southeast Asia,South-eastern Asia,142,Malaysian Ringgit,MYR,458,Emerging,Asia-Pacific,458,MY
MDV,country,Maldives,Republic of Maldives,MV,MDV,462,Asia,South Asia,Southern Asia,142,Rufiyaa,MVR,462,,,462,MV
MLI,country,Mali,Republic of Mali,ML,MLI,466,Africa,Sub-Saharan Africa,Sub-Saharan Africa,2,CFA Franc BCEAO,XOF,952,Frontier,,466,ML
MLT,country,Malta,Republic of Malta,MT,MLT,470,Europe,Europe,Southern Europe,150,Euro,EUR,978,Frontier,,470,MT
MHL,country,Marshall Islands,Republic of the Marshall Islands,MH,MHL,584,Oceania,Pacific,Micronesia,9,US Dollar,USD,840,,,584,MH
MTQ,country,Martinique,0,MQ,MTQ,474,South America,Latin America and the Caribbean,Latin America and the Caribbean,19,Euro,EUR,978,,,474,MQ
MRT,country,Mauritania,Islamic Republic of Mauritania,MR,MRT,478,Africa,Sub-Saharan Africa,Sub-Saharan Africa,2,Ouguiya,MRO,478,,,478,MR
MUS,country,Mauritius,Republic of Mauritius,MU,MUS,480,Africa,Sub-Saharan Africa,Sub-Saharan Africa,2,Mauritius Rupee,MUR,480,Frontier,,480,MU
MYT,country,Mayotte,,YT,MYT,175,Africa,Sub-Saharan Africa,Sub-Saharan Africa,2,Euro,EUR,978,,,175,YT
MEX,country,Mexico,United Mexican States,MX,MEX,484,South America,Latin America and the Caribbean,Latin America and the Caribbean,19,Mexican Peso,MXN,484,Emerging,Latin America,484,MX
FSM,country,Micronesia (Federated States of),Federated States of Micronesia,FM,FSM,583,Oceania,Pacific,Micronesia,9,US Dollar,USD,840,,,583,FM
MDA,country,"Moldova, Republic of",Republic of Moldova,MD,MDA,498,Europe,Europe,Eastern Europe,150,Moldovan Leu,MDL,498,,,498,MD
MCO,country,Monaco,Principality of Monaco,MC,MCO,492,Europe,Europe,Western Europe,150,Euro,EUR,978,,,,MC
MNG,country,Mongolia,Mongolia,MN,MNG,496,Asia,East Asia,Eastern Asia,142,Tugrik,MNT,496,,,496,MN
MNE,country,Montenegro,,ME,MNE,499,Europe,Europe,Southern Europe,150,Euro,EUR,978,,,499,ME
MSR,country,Montserrat,,MS,MSR,500,South America,Latin America and the Caribbean,Latin America and the Caribbean,19,E. Caribbean Dollar,XCD,951,,,500,MS
MAR,country,Morocco,Kingdom of Morocco,MA,MAR,504,Africa,North Africa,Northern Africa,2,Moroccan Dirham,MAD,504,Frontier,Middle East & North Africa,504,MA
MOZ,country,Mozambique,Republic of Mozambique,MZ,MOZ,508,Africa,Sub-Saharan Africa,Sub-Saharan Africa,2,Mozambique Metical,MZN,943,,,508,MZ
MMR,country,Myanmar,Republic of the Union of Myanmar,MM,MMR,104,Asia,Southeast Asia,South-eastern Asia,142,Kyat,MMK,104,,,104,MM
NAM,country,Namibia,Republic of Namibia,NA,NAM,516,Africa,Sub-Saharan Africa,Sub-Saharan Africa,2,Namibia Dollar,NAD,516,,,516,NA
NRU,country,Nauru,,NR,NRU,520,Oceania,Pacific,Micronesia,9,Australian Dollar,AUD,36,,,520,NR
NPL,country,Nepal,Nepal,NP,NPL,524,Asia,South Asia,Southern Asia,142,Nepalese Rupee,NPR,524,,,524,NP
NLD,country,Netherlands,Kingdom of the Netherlands,NL,NLD,528,Europe,Europe,Western Europe,150,Euro,EUR,978,Developed,,528,NL
NCL,country,New Caledonia,New Caledonia,NC,NCL,540,Oceania,Pacific,Melanesia,9,CFP Franc,XPF,953,,,540,NC
NZL,country,New Zealand,New Zealand,NZ,NZL,554,Oceania,Pacific,Australia and New Zealand,9,New Zealand Dollar,NZD,554,Developed,,554,NZ
NIC,country,Nicaragua,Republic of Nicaragua,NI,NIC,558,South America,Latin America and the Caribbean,Latin America and the Caribbean,19,Cordoba Oro,NIO,558,,,558,NI
NER,country,Niger,Republic of Niger,NE,NER,562,Africa,Sub-Saharan Africa,Sub-Saharan Africa,2,CFA Franc BCEAO,XOF,952,Frontier,,562,NE
NGA,country,Nigeria,Federal Republic of Nigeria,NG,NGA,566,Africa,Sub-Saharan Africa,Sub-Saharan Africa,2,Naira,NGA,566,Frontier,Sub-Saharan Africa,566,NG
NIU,country,Niue,,NU,NIU,570,Oceania,Pacific,Polynesia,9,New Zealand Dollar,NZD,554,,,570,NU
NFK,country,Norfolk Island,,NF,NFK,574,Oceania,Pacific,Australia and New Zealand,9,Australian Dollar,AUD,36,,,,NF
MKD,country,North Macedonia,Republic of North Macedonia,MK,MKD,807,Europe,Europe,Southern Europe,150,Denar,MKD,807,,,807,MK
MNP,country,Northern Mariana Islands,Commonwealth of the Northern Mariana Islands,MP,MNP,580,Oceania,Pacific,Micronesia,9,US Dollar,USD,840,,,580,MP
NOR,country,Norway,Kingdom of Norway,NO,NOR,578,Europe,Europe,Northern Europe,150,Norwegian Krone,NOK,578,Developed,,579,NO
OMN,country,Oman,Sultanate of Oman,OM,OMN,512,Asia,Middle East,Western Asia,142,Rial Omani,OMR,512,Frontier,Middle East & North Africa,512,OM
PAK,country,Pakistan,Islamic Republic of Pakistan,PK,PAK,586,Asia,South Asia,Southern Asia,142,Pakistan Rupee,PKR,586,Frontier,Asia-Pacific,586,PK
PLW,country,Palau,Republic of Palau,PW,PLW,585,Oceania,Pacific,Micronesia,9,US Dollar,USD,840,,,585,PW
PSE,country,Palestine,"Palestine, State of",PS,PSE,275,Asia,Central Asia,Western Asia,142,US Dollar,USD,840,Frontier,,275,PS
PAN,country,Panama,Republic of Panama,PA,PAN,591,South America,Latin America and the Caribbean,Latin America and the Caribbean,19,Balboa,PAB,590,Frontier,Latin America,591,PA
PNG,country,Papua New Guinea,The Independent State of Papua New Guinea,PG,PNG,598,Oceania,Pacific,Melanesia,9,Kina,PGK,598,,,598,PG
PRY,country,Paraguay,Republic of Paraguay,PY,PRY,600,South America,Latin America and the Caribbean,Latin America and the Caribbean,19,Guarani,PYG,600,,,600,PY
PER,country,Peru,Republic of Peru,PE,PER,604,South America,Latin America and the Caribbean,Latin America and the Caribbean,19,Nuevo Sol,PEN,604,Emerging,Latin America,604,PE
PHL,country,Philippines,Republic of the Philippines,PH,PHL,608,Asia,Southeast Asia,South-eastern Asia,142,Philippine Peso,PHP,608,Emerging,Asia-Pacific,608,PH
PCN,country,Pitcairn,,PN,PCN,612,Oceania,Pacific,Polynesia,9,New Zealand Dollar,NZD,554,,,612,PN
POL,country,Poland,Republic of Poland,PL,POL,616,Europe,Europe,Eastern Europe,150,Zloty,PLN,985,Emerging,Europe,616,PL
PRT,country,Portugal,Portuguese Republic,PT,PRT,620,Europe,Europe,Southern Europe,150,Euro,EUR,978,Developed,,620,PT
PRI,country,Puerto Rico,,PR,PRI,630,South America,Latin America and the Caribbean,Latin America and the Caribbean,19,US Dollar,USD,840,,,,PR
QAT,country,Qatar,State of Qatar,QA,QAT,634,Asia,Middle East,Western Asia,142,Qatari Rial,QAR,634,Emerging,Middle East & North Africa,634,QA
REU,country,Réunion,,RE,REU,638,Africa,Sub-Saharan Africa,Sub-Saharan Africa,2,Euro,EUR,978,,,638,RE
ROU,country,Romania,Romania,RO,ROU,642,Europe,Europe,Eastern Europe,150,Romanian Leu,RON,946,Frontier,Europe,642,RO
RUS,country,Russian Federation,Russian Federation,RU,RUS,643,Europe,Europe,Eastern Europe,150,Russian Ruble,RUB,643,Emerging,Europe,643,RU
RWA,country,Rwanda,Republic of Rwanda,RW,RWA,646,Africa,Sub-Saharan Africa,Sub-Saharan Africa,2,Rwanda Franc,RWF,646,,,646,RW
BLM,country,Saint Barthélemy,,BL,BLM,652,South America,Latin America and the Caribbean,Latin America and the Caribbean,19,Euro,EUR,978,,,652,BL
SHN,country,"Saint Helena, Ascension and Tristan da Cunha",,SH,SHN,654,Africa,Sub-Saharan Africa,Sub-Saharan Africa,2,St. Helena Pound,SHP,654,,,654,SH
KNA,country,Saint Kitts and Nevis,St. Kitts and Nevis,KN,KNA,659,South America,Latin America and the Caribbean,Latin America and the Caribbean,19,E. Caribbean Dollar,XCD,951,,,659,KN
LCA,country,Saint Lucia,St. Lucia,LC,LCA,662,South America,Latin America and the Caribbean,Latin America and the Caribbean,19,E. Caribbean Dollar,XCD,951,,,662,LC
MAF,country,Saint Martin (French part),,MF,MAF,663,South America,Latin America and the Caribbean,Latin America and the Caribbean,19,Euro,EUR,978,,,,MF
SPM,country,Saint Pierre and Miquelon,0,PM,SPM,666,North America,North America,Northern America,19,Euro,EUR,978,,,666,PM
VCT,country,Saint Vincent and the Grenadines,St. Vincent and the Grenadines,VC,VCT,670,South America,Latin America and the Caribbean,Latin America and the Caribbean,19,E. Caribbean Dollar,XCD,951,,,670,VC
WSM,country,Samoa,Samoa,WS,WSM,882,Oceania,Pacific,Polynesia,9,Tala,WST,882,,,882,WS
SMR,country,San Marino,Republic of San Marino,SM,SMR,674,Europe,Europe,Southern Europe,150,Euro,EUR,978,,,674,SM
STP,country,Sao Tome and Principe,Democratic Republic of São Tomé and Principe,ST,STP,678,Africa,Sub-Saharan Africa,Sub-Saharan Africa,2,Dobra,STD,678,,,678,ST
SAU,country,Saudi Arabia,Kingdom of Saudi Arabia,SA,SAU,682,Asia,Middle East,Western Asia,142,Saudi Riyal,SAR,682,,Middle East & North Africa,682,SA
SEN,country,Senegal,Republic of Senegal,SN,SEN,686,Africa,Sub-Saharan Africa,Sub-Saharan Africa,2,CFA Franc BCEAO,XOF,952,Frontier,Sub-Saharan Africa,686,SN
SRB,country,Serbia,,RS,SRB,688,Europe,Europe,Southern Europe,150,Serbian Dinar,RSD,941,Frontier,,688,RS
SYC,country,Seychelles,Republic of Seychelles,SC,SYC,690,Africa,Sub-Saharan Africa,Sub-Saharan Africa,2,Seychelles Rupee,SCR,690,,,690,SC
SLE,country,Sierra Leone,Republic of Sierra Leone,SL,SLE,694,Africa,Sub-Saharan Africa,Sub-Saharan Africa,2,Leone,SLL,694,,,694,SL
SGP,country,Singapore,Republic of Singapore,SG,SGP,702,Asia,Southeast Asia,South-eastern Asia,142,Singapore Dollar,SGD,702,Developed,,702,SG
SXM,country,Sint Maarten (Dutch part),Sint Maarten (Dutch part),SX,SXM,534,South America,Latin America and the Caribbean,Latin America and the Caribbean,19,Netherlands Antillean Guilder,ANG,532,,,534,SX
SVK,country,Slovakia,Slovak Republic,SK,SVK,703,Europe,Europe,Eastern Europe,150,Euro,EUR,978,,,703,SK
SVN,country,Slovenia,Republic of Slovenia,SI,SVN,705,Europe,Europe,Southern Europe,150,Euro,EUR,978,Frontier,,705,SI
SLB,country,Solomon Islands,Solomon Islands,SB,SLB,90,Oceania,Pacific,Melanesia,9,Solomon Is. Dollar,SBD,90,,,90,SB
SOM,country,Somalia,Somali Democratic Republic,SO,SOM,706,Africa,Sub-Saharan Africa,Sub-Saharan Africa,2,Somali Shilling,SOS,706,,,706,SO
ZAF,country,South Africa,Republic of South Africa,ZA,ZAF,710,Africa,Sub-Saharan Africa,Sub-Saharan Africa,2,Rand,ZAF,710,Emerging,Sub-Saharan Africa,710,ZA
SGS,country,South Georgia and the South Sandwich Islands,,GS,SGS,239,South America,Latin America and the Caribbean,Latin America and the Caribbean,19,Pound Sterling,GBP,826,,,239,GS
SSD,country,South Sudan,Republic of South Sudan,SS,SSD,728,Africa,Sub-Saharan Africa,Sub-Saharan Africa,2,South Sudanese Pound,SSP,728,,,728,SS
ESP,country,Spain,Kingdom of Spain,ES,ESP,724,Europe,Europe,Southern Europe,150,Euro,EUR,978,Developed,,724,ES
LKA,country,Sri Lanka,Democratic Socialist Republic of Sri Lanka,LK,LKA,144,Asia,South Asia,Southern Asia,142,Sri Lanka Rupee,LKR,144,Frontier,Asia-Pacific,144,LK
SDN,country,Sudan,,SD,SDN,729,Africa,North Africa,Northern Africa,2,Sudanese Pound,SDG,938,,,729,SD
SUR,country,Suriname,Republic of Suriname,SR,SUR,740,South America,Latin America and the Caribbean,Latin America and the Caribbean,19,Surinam Dollar,SRD,968,,,740,SR
SJM,country,Svalbard and Jan Mayen,,SJ,SJM,744,Europe,Europe,Northern Europe,150,Norwegian Krone,NOK,578,,,,SJ
SWE,country,Sweden,Kingdom of Sweden,SE,SWE,752,Europe,Europe,Northern Europe,150,Swedish Krona,SEK,752,Developed,,752,SE
CHE,country,Switzerland,Switzerland,CH,CHE,756,Europe,Europe,Western Europe,150,Swiss Franc,CHF,756,Developed,,757,CH
SYR,country,Syrian Arab Republic,Syrian Arab Republic,SY,SYR,760,Asia,Middle East,Western Asia,142,Syrian Pound,SYP,760,,,,SY
TWN,country,"Taiwan, Province of China",,TW,TWN,158,Asia,East Asia,Eastern Asia,142,New Taiwan Dollar,TWD,901,Emerging,,,TW
TJK,country,Tajikistan,Republic of Tajikistan,TJ,TJK,762,Asia,Central Asia,Central Asia,142,Somoni,TJS,972,,,762,TJ
TZA,country,Tanzania,United Republic of Tanzania,TZ,TZA,834,Africa,Sub-Saharan Africa,Sub-Saharan Africa,2,Tanzanian Shilling,TZS,834,,Sub-Saharan Africa,834,TZ
THA,country,Thailand,Kingdom of Thailand,TH,THA,764,Asia,Southeast Asia,South-eastern Asia,142,Baht,THB,764,Emerging,Asia-Pacific,764,TH
TLS,country,Timor-Leste,Democratic Republic of Timor-Leste,TL,TLS,626,Asia,Southeast Asia,South-eastern Asia,142,US Dollar,USD,840,,,626,TL
TGO,country,Togo,Republic of Togo,TG,TGO,768,Africa,Sub-Saharan Africa,Sub-Saharan Africa,2,CFA Franc BCEAO,XOF,952,Frontier,,768,TG
TKL,country,Tokelau,,TK,TKL,772,Oceania,Pacific,Polynesia,9,New Zealand Dollar,NZD,554,,,772,TK
TON,country,Tonga,Kingdom of Tonga,TO,TON,776,Oceania,Pacific,Polynesia,9,Pa'anga,TOP,776,,,776,TO
TTO,country,Trinidad and Tobago,Republic of Trinidad and Tobago,TT,TTO,780,South America,Latin America and the Caribbean,Latin America and the Caribbean,19,Trinidad and Tobago Dollar,TTD,780,Frontier,Latin America,780,TT
TUN,country,Tunisia,Republic of Tunisia,TN,TUN,788,Africa,North Africa,Northern Africa,2,Tunisian Dinar,TND,788,Frontier,Middle East & North Africa,788,TN
TUR,country,Turkey,Republic of Turkey,TR,TUR,792,Asia,Central Asia,Western Asia,142,Turkish Lira,TRY,949,Emerging,Europe,792,TR
TKM,country,Turkmenistan,Turkmenistan,TM,TKM,795,Asia,Central Asia,Central Asia,142,Manat,TMT,934,,,795,TM
TCA,country,Turks and Caicos Islands,Turks and Caicos Islands,TC,TCA,796,South America,Latin America and the Caribbean,Latin America and the Caribbean,19,US Dollar,USD,840,,,796,TC
TUV,country,Tuvalu,Tuvalu,TV,TUV,798,Oceania,Pacific,Polynesia,9,Australian Dollar,AUD,36,,,798,TV
UGA,country,Uganda,Republic of Uganda,UG,UGA,800,Africa,Sub-Saharan Africa,Sub-Saharan Africa,2,Uganda Shilling,UGX,800,,Sub-Saharan Africa,800,UG
UKR,country,Ukraine,Ukraine,UA,UKR,804,Europe,Europe,Eastern Europe,150,Ukrainian Hryvnia,UAH,980,Frontier,Europe,804,UA
ARE,country,United Arab Emirates,United Arab Emirates,AE,ARE,784,Asia,Middle East,Western Asia,142,U.A.E. Dirham,AED,784,Emerging,Middle East & North Africa,784,AE
GBR,country,United Kingdom,United Kingdom of Great Britain and Northern Ireland,GB,GBR,826,Europe,Europe,Northern Europe,150,Pound Sterling,GBP,826,Developed,,826,GB
USA,country,United States,United States of America,US,USA,840,North America,North America,Northern America,19,US Dollar,USD,840,Developed,,842,US
UMI,country,United States Minor Outlying Islands,,UM,UMI,581,Oceania,Pacific,Micronesia,9,US Dollar,USD,840,,,581,UM
URY,country,Uruguay,Oriental Republic of Uruguay,UY,URY,858,South America,Latin America and the Caribbean,Latin America and the Caribbean,19,Peso Uruguayo,UYU,858,,,858,UY
UZB,country,Uzbekistan,Republic of Uzbekistan,UZ,UZB,860,Asia,Central Asia,Central Asia,142,Uzbekistan Sum,UZS,860,,Central Asia,860,UZ
VUT,country,Vanuatu,Republic of Vanuatu,VU,VUT,548,Oceania,Pacific,Melanesia,9,Vatu,VUV,548,,,548,VU
VEN,country,Venezuela,República Bolivariana de Venezuela,VE,VEN,862,South America,Latin America and the Caribbean,Latin America and the Caribbean,19,Bolivar Fuerte,VEF,937,,Latin America,862,VE
VNM,country,Vietnam,Socialist Republic of Vietnam,VN,VNM,704,Asia,Southeast Asia,South-eastern Asia,142,Dong,VND,704,Frontier,Asia-Pacific,866,VN
VGB,country,Virgin Islands (British),,VG,VGB,92,South America,Latin America and the Caribbean,Latin America and the Caribbean,19,US Dollar,USD,X840,,,92,VG
VIR,country,Virgin Islands (U.S.),,VI,VIR,850,South America,Latin America and the Caribbean,Latin America and the Caribbean,19,US Dollar,USD,840,,,850,VI
WLF,country,Wallis and Futuna,,WF,WLF,876,Oceania,Pacific,Polynesia,9,CFP Franc,XPF,953,,,876,WF
ESH,country,Western Sahara,,EH,ESH,732,Africa,North Africa,Northern Africa,2,Moroccan Dirham,MAD,504,,,732,EH
YEM,country,Yemen,Republic of Yemen,YE,YEM,887,Asia,Middle East,Western Asia,142,Yemeni Rial,YER,886,,,887,YE
ZMB,country,Zambia,Republic of Zambia,ZM,ZMB,894,Africa,Sub-Saharan Africa,Sub-Saharan Africa,2,Zambian Kwacha,ZMW,967,,Sub-Saharan Africa,894,ZM
ZWE,country,Zimbabwe,Republic of Zimbabwe,ZW,ZWE,716,Africa,Sub-Saharan Africa,Sub-Saharan Africa,2,Zimbabwe Dollar,ZWD,716,Frontier,,716,ZW
WD,group,World,,,,,,,,,,,,,,0,W00
EU,group,European Union,,,,,,,,,Euro,EUR,978,,,,B0
EZ,group,Eurozone,,,,,,,,,,,,,,,U2